{
  "attention": {
    "f1": 0.33707865168539325,
    "precision": 0.2222222222222222,
    "recall": 0.6976744186046512,
    "accuracy": 0.9422700587084148,
    "auc_roc": 0.9461780737538207,
    "rmse": 0.20746043541886475,
    "mae": 0.0558612234890461,
    "r2": -1.089858055114746,
    "n_pred_positive": 135,
    "n_true_positive": 43,
    "n_total": 2044,
    "best_epoch": 15
  },
  "bilstm": {
    "f1": 0.32857142857142857,
    "precision": 0.23711340206185566,
    "recall": 0.5348837209302325,
    "accuracy": 0.9540117416829745,
    "auc_roc": 0.9186569505944702,
    "rmse": 0.19263103369583753,
    "mae": 0.044606082141399384,
    "r2": -0.8017673492431641,
    "n_pred_positive": 97,
    "n_true_positive": 43,
    "n_total": 2044,
    "best_epoch": 31
  },
  "random_forest": {
    "f1": 0.06549520766773163,
    "precision": 0.03391232423490488,
    "recall": 0.9534883720930233,
    "accuracy": 0.42759295499021527,
    "auc_roc": 0.8299919807538092,
    "rmse": 0.5221484039850303,
    "mae": 0.4133744428351604,
    "r2": -12.238358824923111,
    "n_pred_positive": 1209,
    "n_true_positive": 43,
    "n_total": 2044,
    "feature_importances": {
      "apm": 0.22963533056555732,
      "apm_variance": 0.12496811929456861,
      "action_gap_mean": 0.24778732951031487,
      "error_rate": 0.3976092206295591
    }
  },
  "arima": {},
  "moving_average": {
    "f1": 0.07627118644067797,
    "precision": 0.03988183161004431,
    "recall": 0.8709677419354839,
    "accuracy": 0.5180545320560059,
    "auc_roc": 0.7291879530968716,
    "rmse": 0.4816450363344559,
    "mae": 0.3696905168018697,
    "r2": -9.392227736089273,
    "n_pred_positive": 677,
    "n_true_positive": 31,
    "n_total": 1357
  }
}