{
  "attention": {
    "f1": 0.33707865168539325,
    "precision": 0.2222222222222222,
    "recall": 0.6976744186046512,
    "accuracy": 0.9422700587084148,
    "auc_roc": 0.9461780737538207,
    "rmse": 0.20746043541886475,
    "mae": 0.0558612234890461,
    "r2": -1.089858055114746,
    "n_pred_positive": 135,
    "n_true_positive": 43,
    "n_total": 2044,
    "best_epoch": 15
  }
}