{
  "apm": {
    "mean": 570.1092987012987,
    "std": 146.52088681850827
  },
  "apm_variance": {
    "mean": 2553.525909090909,
    "std": 6462.068999016123
  },
  "action_gap_mean": {
    "mean": 0.11184016623376625,
    "std": 0.03554669255491024
  },
  "error_rate": {
    "mean": 0.4745008831168831,
    "std": 0.34155523968805374
  }
}